x1,x2,x3
1.4113860547468327,-2.0930006072772667,-0.15628058538091638
-0.8678975775536584,2.8992977423321613,-0.7611275487558256
2.296544030519997,-2.3290183544374523,0.679568451225889
1.2641657561858186,-0.23611219078663548,-0.3585674100539893
-2.130045774964458,2.0767429059733034,-1.3914573787172264
1.604690029888126,-1.6354338621486557,1.430427145244399
3.1965866829708505,-3.7806160161928584,3.952225437350952
0.15964379197879608,-0.040519862612518456,-0.5188245420290362
-3.2756791111578094,3.593677805571857,-2.0811590701415743
-0.647049796402867,-0.13720871251231292,-0.36863939525614353
-2.505007469518393,2.379963053658509,-2.163854267229299
3.075082827608731,-3.685181693665845,2.898120992941946
1.988668524467307,0.3109955451475317,2.8416465976049046
1.6706250785397927,-1.7603558484514112,1.55794721162448
-3.874735660886008,5.419967812582567,-2.7753834127881616
-1.7189434459078043,1.523321115100116,-1.6956432756873103
1.2479371845966436,-0.9886495430617357,-0.36697909996584954
-1.5414721133542595,0.22010804170899023,-2.2923628815447037
1.2101243845251302,-1.6571969763929948,0.17381761652519356
1.6983811606264396,-1.4878464898371928,0.20244777573770745
0.7327829314693597,0.8532208994905071,1.3860121230296507
-2.370631998393186,2.592614776069457,-0.5258504353888116
0.13975656240782564,1.2439637987851735,-0.45731492022503106
1.8907250260888961,-1.249995915885976,1.8616674828620392
2.0453232619670603,-0.4179219225023745,0.9067316418117564
0.19764552175043493,-0.25668773905549036,-0.1714485839525998
-0.3896958025078514,2.7799185131596555,-0.38504575339571334
-2.1343963761679206,1.6490001732537976,-1.1202506842480295
-1.5680077892970812,0.8015459550994122,-2.0464094743644066
1.8038374256375629,-3.013890275326597,2.06202527051256
1.4084599805817921,0.9225646909762781,1.3933803796636628
0.9691781718703527,-0.14973059925245513,0.2821418124624081
-0.9911125764418869,0.6569918430615784,-2.080169878021655
-2.0726061166827834,3.3216288135562784,-0.9889944029983639
-2.893190435096526,3.5808826202143083,-1.1027513778167688
-2.507623761712416,4.473751233088006,-1.1158646969035404
-1.223621515948694,-0.3242113167912173,0.9341573212679255
-1.9963339819542727,1.7309738736400182,-0.13380306107384987
-1.583329575634252,1.1208081916914265,-1.610655292428411
1.4058054246491667,-3.379488101057768,0.24290596557765537
-2.459085159268768,3.519412364048462,-1.1095353487712993
2.688784114353874,-2.9591806701572323,1.1109697663888807
2.1256755715961537,-1.3860443666095916,2.9454527864762428
-3.51233099532205,5.872102929651662,-1.682704741065551
3.2771828402577245,-3.630426532085333,2.626035118094924
2.1587973683661925,-2.5799503510233475,2.200763448381172
-4.027069533230156,4.145733702954152,-1.2678062241225592
-3.279911923695865,4.2671592766792745,-2.042166752338541
1.6592977838296405,-2.2260108091397903,0.9897547106733087
-1.9361009955507067,1.305139398418576,-0.10109652262348434
-2.335397002195748,3.392586272437114,-0.5197000180953341
-2.412533224888554,2.7911725487265895,-2.0357199280906286
1.9766029673239798,-4.0213312303288005,0.9764566084007997
1.5146801398897114,-2.7400719393588195,1.0250430709888052
0.710013646132397,0.7912222176948133,1.2696321451610832
1.6299298541660738,-1.2280015710872614,-0.03367038954485535
-1.2453922252776994,0.4831962942404504,-2.667077759519147
0.16652568126579892,-0.33693533850078106,-0.8050981753618501
-2.446343880399813,2.4595805532014836,-2.7961871851107847
-4.6702010950398085,5.405934455319972,-3.962541495182318
-1.101888315051689,-0.2563750798071005,-0.5312714429134598
-2.0056742089710666,1.1647250703006087,-1.8834220977206528
1.0219169422461756,-0.7489611873827867,1.0310712504106672
2.8082466068799103,-2.9080811873753607,0.8569228999938086
1.0065317908461242,-0.43467260820941434,0.43622143587282547
2.159484214251896,-3.3889916116114938,1.8994939730938631
1.1030861587622085,-0.7459574824908874,1.5115492463162883
-2.646564418830118,3.73814803820759,-2.436601237466128
-2.001705642712878,2.4885241898621615,-1.2179122088677838
-0.7922346033093093,0.9313463430709011,1.6394498359407481
-2.6831275954097302,2.587243992843759,-2.0539145264544283
-1.0132492185979927,0.17839806582649087,-1.6618366482838152
1.794592842558379,-1.8665914349981676,1.1541825944466768
-3.1693763812776297,4.429082234158035,-1.969928715211288
-0.8072281611873557,0.6881996545872305,-0.7863466282310975
-1.1444344511794837,0.25463046183107363,-1.1121315363982172
-1.875166792178301,1.3829197034129148,-2.972883663261912
0.1208507486514121,0.07999954862451805,-0.8217798392784096
0.5056648915048806,-0.8791788886857275,0.13653493226195118
2.1604425665484372,-1.6751392834852965,1.5763897756546765
1.9979229342693787,-1.4750791735203483,1.062963866029291
-3.170397022747591,4.059380203152239,-2.332565558035968
0.3770429508928701,1.0465165213721628,0.6996869366501162
-3.5208337155159617,4.516692439888322,-1.5022471490193559
-2.249931952203622,1.315692888055662,-2.020220465415757
-1.8657094749258794,0.9621750283496071,-1.2260625125402242
4.357438423139865,-4.433209899599689,2.707535646806021
-3.6868602853859143,3.2356849281464997,-2.3058433297508074
-0.19715770907749608,-0.9411690178834466,-0.05671966593600103
1.0071402311044406,-1.448832025277435,1.5107492279649013
-1.4964193021497063,1.0219063685306673,-0.5274822475725516
0.8972806369697777,-1.5691283767309834,1.0937341656681778
-1.4553231102450888,1.139533624090083,-1.2688571128803483
-2.1882250433766623,3.3666758936949934,-1.1016168429084459
-0.2191594975139688,0.41839753876320807,0.9489488156283596
1.7728625180257729,0.6989465580296965,1.2955245881304025
-0.6133015145112166,0.783809700530866,-1.0457568680753657
-2.7891853257742674,2.4991195518370155,-1.9829740398646516
-2.07379313987185,2.0779260225267158,-1.1390319439747174
2.4645506822393335,-2.2080587037957935,1.0884295070263805
1.4676628813047845,-1.0324089241337209,1.1347980868580458
2.030693938024733,0.04601738783429088,1.9481995107545205
-2.0947415845060364,1.249421119528468,-3.9976664202273904
1.1578471092679528,-0.29880105109021715,0.8635528572366387
0.093085834398138,0.11466476321598584,-0.035565807646331826
-0.4777490623671281,-1.0933486802034895,-0.9113791752410196
-3.9507666007759035,4.721465382870667,-1.3544859804809686
-3.1180426324401624,4.3856661932440675,-3.237424382638021
-1.72224495312466,0.8650685493472302,-2.330600386992465
1.465525134965367,-1.4744590028573377,-1.5152854140683014
1.4405665949483826,-3.1659208569560864,0.16816971453522028
-2.7184170745753846,1.4596106148910482,-2.7491579749786235
-0.24212349424095314,1.2901530718582057,-0.4295624026106579
1.9072638937354685,-2.373680399742903,2.4215211332835027
-2.1852397796626706,1.0764368047246313,-1.0555130561445496
0.3463250836002394,-0.11686471914180971,0.3949656280820911
1.658448050499735,-2.1808604819307584,0.7426198764771832
2.522407225360472,-2.993228883136008,2.8002896726833337
-2.5001039469910697,3.239429972665973,-1.7100043136604282
1.4047142129860655,-2.566447571920412,-0.05516771891249539
1.0320236866757075,-1.9373888993575399,-1.168572215648229
0.8706555156654956,-0.7165755235166269,0.25019714089065614
-2.338887016246068,3.3082968069942735,-0.7571691973248912
-2.7300568227473456,3.9682171242371953,0.538536147855043
-1.9895827772928465,1.3245210569312236,-1.5968421668705648
-1.0264108001378238,1.9637877670574717,-1.30081937349376
-1.7791001857944542,0.9949578923240453,-2.715325920997657
-2.8034999190021583,4.629709265908958,-1.0941177062193201
-0.4981039917453156,-0.6356670336744128,-2.4216368025481874
2.370822770366639,-1.042343959574908,2.6605818818778
-1.3942942727807577,0.7378081659620338,-0.392130625027337
-0.3081440468707459,2.321390501665346,0.7084830317784547
3.043492856014553,-2.452172127162069,2.2107881522854784
-0.6159166580704314,-0.40009987133779057,-0.15100097235806442
-0.21448589549612151,-0.3077525840463853,-0.12048567037941788
-1.2671775227827355,2.0483587280064772,-1.5332116826417082
2.2718742923698283,-1.219229874754267,3.8174791460562876
-3.3439586890862643,3.2732430973618016,-2.87732729435633
0.9879385806808729,-0.9432802997174066,1.5278708062014306
-3.660526207698311,4.418879240342377,-4.974420680308431
-2.973181607474962,3.104980034485782,-0.9204657160725875
-0.4034653686768159,-0.8900394906615599,0.8427885033123759
1.7113864750482675,-2.524360499688448,1.1101301372527936
1.8904549320538822,-1.655334988902217,2.0353922195660865
-2.332731808109482,3.5482142246071753,-0.8871630703501253
-3.4112108589206223,5.02719328308267,-2.797196107790679
-2.2944742240036713,3.0740036447751216,-0.9788510073705506
1.9893839389384091,-1.7020931779020454,0.7552301745903424
-1.9032589747647681,2.652072860747245,-1.848997683223283
-0.6115306478459686,-0.055220202360887094,0.5016074447761084
1.6075341800536345,-1.7607651403118487,2.1420005856758753
1.715098135819036,-2.5392288571585127,0.3739154194136153
-3.2108160309885196,1.9620734202808081,-3.4538740194193585
2.055145681944831,-1.7215966703086258,0.9791499119100021
-1.996192819102678,2.1817061256874215,-0.7181267212153319
0.6908740150589602,-0.003221530549947338,-0.3099161483889238
-2.2888308018472006,2.8349426327396476,-1.2233825046263362
1.471982215104256,-1.229337943780394,1.911494539793452
1.6931815798131984,-1.136564914135644,1.3207949009861875
3.706525307140402,-3.7492084033678785,3.77928690316336
-2.12057123643558,2.5334626316579807,-1.7915157480108772
1.9222890191253597,-2.648433421811719,1.0463250626785157
-4.568842303328398,4.938548228967528,-4.311451477218372
-3.0951758682975186,3.763593553583528,-1.1371001322814314
3.837845119172165,-4.507526547244368,1.944443035382203
-2.8399945476775397,2.8918266466703866,-1.7672660682948838
1.824089222320047,-2.4476917319494067,1.1408502222067607
0.701194255107018,-1.227700951623133,-0.6585140459104277
-0.42198451357348454,-0.7029448415286701,-1.2068238677789729
1.748933910396658,-0.48315898523010237,3.011016403129866
-1.954405398269669,3.0200905729897167,-0.9977252123877592
1.8190948340235742,-1.281660979796237,0.48952924770767314
-1.995350560296106,3.96754651223992,-0.6981356448874343
1.4050346894073282,-1.59428038597572,0.8603505613188531
-4.840931341213471,7.8726937563241055,0.5812885001117367
-4.4513828853569315,4.223853469993711,-3.1102956765162317
-2.6652456896254826,2.920439041381499,-2.3157607763464725
0.7805184540214524,-1.1782963679616605,1.9059722798181415
0.8057362377519312,-0.43341067769162617,-1.1436525989638209
0.5573200854686595,0.27829484241758495,0.7212139524541532
2.436569355856788,-2.550485748909872,3.7933764133103924
1.1356227071067582,0.6410971400108625,1.1796977077497197
1.6273624756564855,-1.3882131910230249,-0.4529918667473496
-1.7745761151106918,2.045061501220891,-1.6592287042160667
2.2314924079409346,-3.140490102454652,2.9008879232863083
0.6532559071159799,-0.23475683256559543,0.9706362952953522
-2.687673457425763,2.5536462366163972,-2.8881180077841817
-1.1453524052640542,0.5371126759267674,-1.6963170434613863
2.100959284699897,-2.877433692848261,0.8219005903380185
-1.9983590295589915,4.670122409315677,-0.46963054317607617
0.6905462709026724,-0.9540235210817078,1.7902365235708986
-5.001693069866058,3.54470764908479,-3.0630931447956904
-3.736301416655974,3.038079956923401,-2.520769245315995
0.9784613552136167,-1.0300291946898303,-0.6106907035163242
-2.4449016150882823,2.991568647704767,-3.0249419671555318
-2.3118300501353444,2.8666265718606576,-1.0619213859564165
2.1334215410273494,-1.456806989250824,0.4237486957817491
2.1049933756788732,-2.749853682316203,1.1919629340312181
-3.0543114308518695,3.394751874353415,-1.9014730160773385
1.0097175536040806,-1.885777017714659,-0.599320696187273
-0.2092261039101555,-0.41041687910385616,-1.336092658044983
0.7616234191228919,-1.6793323936231515,0.24766925614928537
0.8838249158254762,-2.0722137704237458,0.8694217607435936
-3.4074817017390773,4.471691190597086,-1.228040133676049
-4.336972937543958,5.0255846385228455,-2.473523343142695
-2.1431484088711326,3.1198137788492626,-1.2895383691666222
-3.2221140988860464,3.2614271649103426,-3.15295206121551
1.8350423675374132,-1.0582346686722666,0.4995767045248274
-3.959843906786822,2.198554502144277,-3.9210823695799
1.9810286647636552,-1.1179411467183002,2.111478963064647
2.0077284516382523,-1.830608621633222,1.8867000028572898
2.1030068534266766,-1.475897253277511,-0.36586944561782353
-1.4887033595809167,1.86872665862953,-1.8071987231910371
3.6211434026336673,-4.608198557170554,3.6736013149471844
1.7344311164820978,-3.2324708918731444,1.005528441317951
-0.36248475262479496,-0.3495694135581683,-1.8668860191173229
-1.2249105147651251,1.7898277960380373,1.5783676158425355
-2.0130296646265258,2.703121079801921,-1.3661911269908102
1.5173346291513072,-2.88527690653317,1.1803493618314227
-2.3872615170316025,1.406162149563388,-1.6361962235956211
-1.5525226307149613,0.829286944774122,-1.712796360681617
-1.2492737939231409,0.8919687336563251,-1.7538552923304538
2.048982874076911,-3.4110337049295634,3.3178994329104605
2.2260983614463346,-3.648150127586467,2.3172666991674684
-0.7660563503624263,-0.055778946045127675,0.04193611423496835
0.5008551086689877,-0.4146012724439821,0.973493982276203
-1.0812921576663124,-0.09930218208717823,-2.1094350935497914
1.673007139652226,-1.788810649623992,2.5033346689865015
-0.356311567114457,1.4148643832562724,-0.8457281293121381
-3.5039865561068364,2.2022068186933264,-2.670148053282859
-3.1347666760642134,2.928320917653674,-4.042076352115363
-0.18135333151469557,1.2061100652654682,-1.920684665845848
0.6866095876533236,-1.104877978017133,0.7286812958021551
0.96046481807886,-1.5341345089372789,-0.23216807635036785
1.3231408064272039,-0.15964499212073013,-0.7059380129002517
1.5908000236100477,-1.8970021025815955,1.6571590009117245
-2.1254098412693296,3.2299048664748975,0.8021471464001839
2.580856204950871,-2.1518908138236723,3.4324437600750146
-2.8257382547253904,2.4828936018155536,-2.462332739537174
-2.872431166341605,3.3521216969391356,-2.0255554354098755
1.9376556735343062,-1.6172061596882683,2.4210603903961525
2.110844916410854,-1.08996209540838,2.9604824123936657
-1.6356248413832737,1.087279303518255,-1.7073407343294087
2.2903934769661722,-2.2491874101845526,1.7622743401446086
2.479585341155973,-2.5411010207606104,2.144924892730357
2.791686465658673,-2.087538324018888,2.8236782049327824
3.2783209067198227,-4.303500101163999,2.069369439417556
-5.247666183618622,6.264643231856478,-3.801590620723247
-3.6877097945494564,4.154038566719873,-1.2693678231151
-4.217545942351797,2.9006208687188506,-2.282870022729198
1.4019264314674924,-0.19366360598699206,1.8309211034068327
0.8507370803898638,1.3833560004078675,2.9156851505147596
-0.37726732685618924,1.379101296405597,-0.418937764981207
-2.0544229685002047,3.481407735726674,0.4389024140608444
-0.41938865089330846,0.5047600324958965,0.24931680076621615
1.585993480747625,-3.247498400486135,4.04514500284068
0.7059564583011466,-2.5500769094686717,-1.124044695848499
-3.103368974651371,3.3584510185191294,-2.95310147223893
-1.3582937559917971,0.7663149482618171,-0.7479171907257952
1.650921526806496,-2.5654978051338473,1.4067811285020262
-2.7062458137650625,2.6434991297963872,-0.09523204714094713
3.6858637664176253,-3.070278478556337,2.249919463479007
-1.3065644464407742,-0.146193100321373,-0.4381942028272331
-2.6730617542888737,2.224184134008489,-0.9545527161047558
0.42243867113267464,1.0874320119876406,1.3989445063502324
-3.4502551015618863,2.3749667213405115,-3.8175097631510786
-1.8940527811847396,2.763813968349696,0.20465951615688227
-1.5994963403058502,1.1147655787568562,-0.09148001430122243
-2.9706419462986906,3.516435706148643,-1.4919484999711523
-1.9674397395566658,3.064767246759533,-0.9969002406578283
-1.3012376910504324,2.042519458035454,-0.5644998164971976
-1.2428740926717716,2.152033694885648,-0.7836014611897374
-0.09934278186541912,-1.052250751542537,0.27837966450158846
2.7293757176501043,-1.6157160109088056,2.3565815678678805
0.6940063911682024,-1.5466995058030224,-0.5411934606351945
0.061963575677298266,0.19757818989424014,-0.9372335216767338
-2.6503107507840444,2.9085569377812712,-2.675207769991019
1.9922969119380367,-1.5071743530684558,1.8376355662203747
0.8794813793513384,-0.5425247032911479,0.7168943670933442
-0.0821670161269179,-0.7616429623978053,-0.05723396343761997
-4.213967458040029,2.864100045744313,-2.9971293130578402
-2.2101227540002824,3.082471433962051,-2.0668258214266486
-3.9098466199745676,4.095681197493483,-1.4202661522558488
-0.8153052218005616,1.9646820627583794,-0.5918455331584411
1.4154801184885266,-1.4602130526763946,0.616999870537919
-2.9760126470967188,1.5708482864197584,-2.1009143381593267
-1.6301628817892126,2.5962925627933187,-2.8175999434659555
-2.8884195463302067,2.5180489366691,-3.049441761885851
0.31754942779356266,0.024454029627458518,1.3047357338922603
-1.051441583520939,0.40398215504141977,-2.6878679738226947
1.746683149610744,-0.10238143937705346,2.8386619866996368
0.1306250173814263,-1.0071898415646232,1.3899641233494053
2.0509243808935405,-2.388354134999715,1.0843805093198633
-0.7760679520065896,0.883516654703906,-0.26337602090430307
0.7152207528440087,-1.8074030799309668,1.3824570677122936
1.63820512935328,-1.307685600765685,0.8444945411183391
1.305020113880213,0.30689036358727706,2.2495182253032135
1.9776107297567704,-2.4680728904504807,0.6894437120134786
2.289366555669705,-1.8942237366379797,1.338208328177031
2.108451736429679,-4.8578871224682345,0.09464349148764672
1.2857250574455348,-1.3246542579303755,1.2972086921577444
-1.2036108652904178,0.8905685793642124,0.17700033211618482
1.0445187511451828,-1.8630163535555677,0.3946517306391265
1.9163681481389552,-0.8349176785104231,0.4363895685989463
0.4095527474495224,-0.7357964290733505,-0.857103182105631
-2.4592115859482386,2.2817340988546513,-1.4941786398640355
-1.5431060862369983,1.1659132114479271,0.5924886300192529
1.6268669762958425,-3.543682848060919,1.1346712635950102
-1.971395696368969,0.8394092562920079,-2.1484399329472197
-2.7345400619282603,3.6956335480484768,-1.044447708065857
-0.015827197591835374,-2.094123449288136,-0.7788566955006158
-1.5545625556328493,0.7882472060171437,-1.7357859714927697
-2.2670300564598707,1.8673100001701068,-2.7586616621126074
-0.5381217757211496,2.2817436430127147,1.440762979278385
-4.658450090910483,5.427053856406852,-5.840894544304433
-4.466761823517755,3.9095912964646558,-2.691504799122322
-1.025300688564403,2.329814385679954,-0.9065920299419513
1.9585591362121688,-2.6990749567132886,0.8734496655822339
-1.6932671781966353,2.702366981930641,0.6746397234038375
2.197488311921,-3.556365557844016,0.5942658302599447
3.7774304485560983,-2.7041726167669413,2.421318140335953
0.45378787517383,-0.8599215206448156,0.10841325609309574
-0.9905657426521195,-0.03793849828915019,-0.5862029814121688
1.9466615152789033,-2.1638051283552175,0.9638544508972293
2.641480768103218,-2.364136588383003,0.4765876904715818
2.702700806536146,-3.197449237061858,1.037640316388916
1.0733950169409003,-0.5194415109455766,2.2248684956690257
2.6649444451881275,-3.247938328852195,1.9277366521105903
2.4277423995512053,-1.8073700056198474,2.4269871818500657
-3.929731690217677,4.371953752254276,-3.098164459327146
0.7499982637514885,-0.8109213184594235,-0.11222976203663693
-3.417598872145035,2.9762165597790853,-0.9959752823248527
1.1938809515400461,-1.04234015577478,0.7451040555452705
1.0097778499612247,-0.45952410692752543,0.4515269437022164
-4.5528608492397105,6.614660001971319,-1.803053482391541
-1.262675505673743,2.202095927471924,-1.4345118826731473
-1.076719869326175,2.0527098191420166,-1.1582697583146677
1.8693580596999044,1.2191541351603792,2.1843932775068975
-5.038235025021038,5.554193501788882,-3.6494165454856375
3.4353811835291097,-2.9507376722174072,2.957308113377972
-0.49000967927895167,1.1940247536006057,1.9001655985166876
2.7910290551841355,-3.7999950327723884,2.1772785433434088
1.7614204127299684,-2.2053220491487244,-1.167964062308013
2.326407309893258,-2.8325765765855917,1.9445621091784209
1.7792415539335622,-1.1316275767140005,1.534214654244661
2.868784631903563,-3.042959194124762,2.15149485772383
1.5559393501324008,-1.417715924658098,1.4474576783640472
-1.3074552516477151,2.3949098717961794,-0.7374060713734697
1.8663329336500438,-1.003182194945905,1.5629252918581784
-2.2485521047066506,2.0868311016654033,-1.1138001195195137
1.9049823189246768,-2.5749774158028993,0.719157167779451
-3.818814081793306,4.954088813446495,-3.527978214070858
1.229603057904558,-0.4557118769946923,4.1394565412782764
1.9194648928532483,-3.5257217111486305,0.32217702128485726
-2.686780786577944,2.373626847669663,-1.9932311622004517
2.6402532809442802,-2.474737818927518,0.5259085753370336
1.5117164177193652,-0.7328867005983338,1.4449631576212036
-0.8833887029573617,1.793490197897133,-1.3682417041724135
-0.8151006439907578,1.0990066451662313,-0.9828219255492109
-0.7194742586230527,1.3047217899819086,0.6517708546435482
2.9699372309412313,-2.9058004285630776,2.7154966921785357
-2.1516347982608623,1.4777831100803018,-1.2137794961659678
-1.091203906651542,0.829939515610288,-2.654923866140833
-4.300057109647764,4.319048296287873,-1.3833998657467834
-0.05250747330005434,0.017828223281464467,-1.2399317284215634
-0.9264577163500589,-0.9591151880934117,0.3623243009204531
1.466396560043858,-1.863879894973289,2.021970452282022
1.0084591738428343,-0.9522535207536825,1.3477285354390938
0.2774067290159401,-0.5587767209216411,-0.7172722321228516
4.26743589203226,-4.514259687543846,3.290460814965822
2.334525547369058,-1.8465341765644705,1.4019705925830803
1.3199716821083336,-2.3989288691569675,0.7492790363243835
-2.2618560360014737,0.6338138220502625,-2.353274839574468
-2.9772028227134992,2.6290330318768245,-4.358555071316701
-1.4760585552470304,2.2401729607488203,0.2057688359247627
-1.4623479881690367,3.149901027655675,-0.7559798878044791
1.3114138669939903,-0.5292856278992503,0.6942920605169407
-3.2644229549397616,1.7961591950709144,-3.375710389001801
0.8289701096672917,-1.061337349044063,0.9220953487730441
1.3236340495106695,-1.06699966842914,0.1631277941089122
0.8082302569976869,-0.6306391400740947,-1.6046050864948802
3.0020292518431306,-2.4627246989002565,2.7934778803263427
2.2494570154065636,-3.1665059618673244,1.9769335228965543
-2.3097152544478514,2.374658341998594,-1.9156824936258359
-1.3113591838001046,1.7316820135762336,-2.026341555596055
1.4627507474478731,-0.6370797941442137,1.3924163398011051
1.6975562825275035,-2.5032744491402954,-0.39279469807115897
0.31481541946768243,-0.6599722867105804,-0.877408248897622
-1.429051299066523,-1.2747663810068173,-2.498440830822388
1.650081130345024,-2.271543097922798,1.9261344267558806
1.8239902562721444,-2.348405149243187,0.8742780185244305
-2.5025617778813842,1.4829772697139412,-2.579683872229359
3.0713358160823674,-2.905723665849716,4.299597415031185
3.069998484998947,-3.125943917044215,2.640975002926607
-0.8777522619464881,-1.3814616156311232,-0.8841231553794429
-4.122738960204417,4.338246929506174,-3.407877973036649
1.9803342958813794,-2.908658426670407,0.6567980215770001
-2.4650191244048454,2.9507080835953605,-3.913748543523156
-1.538335132687177,0.2564838849585116,-0.5054736295239908
-3.3802726631388325,3.4102792016697725,-2.07939315696501
-0.37276591490461786,0.08960258601811194,-0.5295312616135032
0.6168003688448754,-0.3136984838945451,0.40114904603498347
2.2889078833832395,-2.164210605731893,2.4839994942113215
-3.8551881430690536,3.600023968047599,-4.5098922241370065
1.2615636490196973,-2.797835963063942,-0.0277766733000937
1.3852220509980773,-2.862430014459109,-0.4666883155092304
-3.966047727117992,3.3821607880257734,-1.3489982476248026
1.1453026970403224,-1.1535825809699094,1.7325625836511458
-1.5535382541111584,0.9452903069120414,-3.519908318518512
2.0044446476624684,-1.3792327170830028,0.14587484175174215
0.8009781468960736,-1.0801990661077574,0.398582707011648
1.5426310244377468,-2.507643749217257,0.44327987506100786
-0.19520200491380213,-0.0828942880741072,-1.5403077850092173
1.2262960041822317,-1.0004361678656792,2.9209491998663015
-5.511410850643264,5.836295569467849,-3.7397970442937223
-2.388781242019409,4.267160374012538,-0.8471748256531828
-2.2016555015538097,1.5327461615503903,-2.5104839103984258
2.1840379131173813,-2.2575165747077817,2.3419329166184384
-1.8846497824580002,2.3107737292774266,-1.6873891111206551
-0.10880670926997182,0.0853837500691565,-0.3708039454601821
2.168555343256736,-2.669173489245389,2.1122639307706486
-1.5879946756082626,0.03873749926401904,-3.207307865852558
-3.1216501069188234,2.610815547865808,-0.8719183601013887
-2.822920805028028,1.7492183923102271,-2.2032269922265955
2.205969746698816,-3.9325764278225943,2.503769848523592
-0.15988788141968802,-0.6357909602508984,-1.394255378101231
-1.4339076245910962,0.3868159038246417,-2.2603687726631287
0.6125361752578402,-0.028749629964892054,-0.556551453833195
0.2808638822208702,0.3202279551934235,0.6112185436840649
1.0580899829203099,-1.9619692725011846,0.6335809667132598
1.3167024435727401,-1.5769310741358613,0.45805785580759434
0.8557917496135518,-2.7140344117260873,-0.8367860462032495
2.0887032782151507,-2.5830432283978446,0.17634620138484713
1.0539306215411663,-0.6549487208388207,0.8417095408608052
-2.396798692198208,3.2217365818123107,-2.0569513263337305
-2.249933091962939,1.5368860102716253,-2.551318581753295
-2.602152692919855,3.654007553447375,-0.14156131842640174
0.6340601161677141,-2.1497520376811856,0.014296428554683757
-0.14749629904743866,-1.1001315000963539,0.8475137598553981
1.7907331778668225,-1.0810713122289464,0.9872131671268893
1.145412452748642,0.5257087758146053,1.5216159305009502
-2.010771250842935,2.5042032390266304,-1.4401964573426123
0.9642851272305999,-1.0046275137646123,-0.9844940607286758
-2.5129828510109995,0.3177991044887909,-1.0051947686248888
0.730852637344868,-2.7532996933883473,-0.09262589303463467
-0.2027786118933097,0.3321881487891787,0.6266866449369455
0.05864920026594622,-0.4167118698371208,-0.7975574896548934
2.6099696431057,-3.715804825257818,1.5161740552114806
-3.043677127217541,3.109209708047592,-3.133227060128998
0.7550170612743585,-0.6398856937665489,1.8310441205961148
-0.7807783814425597,1.7251942499828323,-0.03807047149617593
2.116235396553313,-1.9796331135406122,1.988380644849048
-0.8270997969453102,2.0554941652796948,1.0449578914795925
-2.2660466232104217,2.274040652759235,-0.5411951631215901
-2.2564723869408883,2.141137392133552,-0.9558455027712149
-1.5216996550361723,2.5860118412833546,-2.2969240417527965
1.0642699118332604,-2.0427107918746947,-0.14208690565209692
-1.7779363415638492,4.592383794830011,-1.6337285288676993
2.633789272564012,-2.258531794397276,2.796690017590492
3.606884733278146,-3.226055480440473,2.9710228049180794
0.9231515268516874,-0.3980555528790899,-0.5668747949986798
-1.198209100025938,3.0753455753575807,-0.6181169191977705
3.3220552213428425,-2.5295478096702357,1.195555933206505
-2.3318178379264882,0.7267618589225646,-2.2032838612656067
2.527581070553822,-1.1241106857863177,0.5911808951200577
0.48168446763874173,-0.822581047083759,0.8048666992524148
1.6024723671031567,-1.4953172942638333,1.6066056695712718
1.2573809525997257,-2.536634924774992,2.531170714752859
-2.102203469280639,2.628405487404535,-0.5972288079321628
0.5168980723417249,-1.1682723624092772,-0.19808427408309714
-5.6198789969050615,5.720048634898535,-3.3717967449059416
-3.527645674005067,3.243546668644284,-4.114422887789175
-0.6272561605467637,2.5522689622826156,-0.9516615236571953
-2.8139972849708257,4.7962575851164155,-1.2817903566166118
-1.5583671921232944,1.6048803623380359,-3.315396764286713
-3.703234848081202,3.7672125594500567,-2.7985924931525705
-0.23795283903756959,-0.13549012731194549,-1.2920886629839767
2.319343097059747,-1.2133368055569607,2.1173159508237704
4.1036262987504095,-4.432546169083786,1.9177533984321997
0.8484868720932908,-1.2698241467389901,0.955278972863732
-0.14274776403058254,1.121340627695547,0.15691481656069386
-2.3754646724163,1.8371655770996504,-0.5158073612600569
2.3191041689121383,-2.356859203360669,1.7366239021735932
-2.398709583265662,0.8173988017546694,-2.963002687788461
-1.375504735246809,2.079695080369976,-1.102466820981598
-2.1288727187703747,4.069739657952243,-2.455674201299045
-2.4840732395405554,3.2052986123403473,-1.2766113317500285
-0.20307728779220335,1.6648764553395083,0.802992072357946
1.5895927673684347,-2.4356949035457656,3.449865078174811
2.4959386848222582,-2.2596144027940577,1.309199093519339
0.8954013838204592,-1.8385613081898486,0.1679664830978143
-0.34238446203067197,0.11461891644932912,-0.8894882573565552
-0.4165974675182109,1.1888089448707158,0.0927184698306921
-0.8206189765604341,0.9224395896637327,-0.2083185446648873
0.18683228180006273,-1.5994733044012843,-0.2664108887287691
1.345389241380091,-2.6604183469178446,1.766610571523662
-1.4369774892472216,0.05581355775644781,-2.0400036035628872
0.7972450401787959,-0.30579245023920565,1.7069709755097064
-1.950696055634768,4.014590591291436,-0.4085505541708263
1.0594921391520065,0.3029661048482064,1.1232037454651116
2.822504331523122,-4.718489530669187,1.32794530809868
2.1619475894305165,-0.7408716513607325,4.403397435321702
1.5161294152760039,-0.5797289982613567,0.5541885149685853
1.038973719419162,-2.5842736649479194,0.6908384801505967
1.0667673433769789,-1.3699689600874763,-0.025943966887022718
1.8277464699519494,-0.7322240584561399,3.4303112039592203
-4.768431381267398,5.318864892202183,-2.5518888294176487
0.5923824938993996,-1.9014775462873852,-0.5613367715135908
-2.1993872361934823,2.8101293919896766,-0.9842598947648349
0.5670637197817867,-2.7045643158623744,0.14861836209274848
-3.7846221857584705,3.5618000100012592,-3.410796945232894
2.262149241958686,-1.1241924725586372,2.7392653410472
0.08923432184654967,-0.07084010627522984,0.4608296863821524
-1.4488913341985215,0.9499537842365755,-0.9957041742534254
-1.310085202222926,2.199431455995275,-0.8021470494664359
-1.8596632984137127,2.8344151135002944,-0.7200050274389879
-1.5959033431807228,2.905943036047673,-0.6400299226763451
1.3997023325565916,-0.5253599041102043,1.327455689554058
-2.991414217525572,4.072789011462719,-2.6142328806474557
1.6071050300094716,-0.874196472571937,3.08232215262898
2.3479587434636997,-2.082430094347228,0.7769312765283458
-1.597833009345321,1.6873420091091351,-0.7483612881882923
-1.7810879219074784,1.5438282028100765,-1.7153716135063921
2.3153160721716333,-3.5276843652313588,3.1929422503130933
-2.027783674611192,1.0724721657913834,-2.6631481703871867
-2.762452859212473,2.480438377277263,-2.877606526653489
0.7380084761730097,-0.4965563165705804,-0.3559486662314607
2.590659936088132,-1.1498473380838687,2.626663152517775
3.7106408773932396,-3.752438105268752,1.3994806915074098
-1.6046554613535837,2.6081317522312477,-1.431151018053538
-0.6925434908074086,1.7718591472395293,-2.401944526851811
0.951927066755177,-1.183373864443968,0.8965049547722755
-3.4470104291023373,4.041700640472521,-2.93680012774047
2.053076787025245,-2.296604828750106,-0.009131164094134725
-2.7649798208652476,4.0871157149437245,-0.6575914891552579
-0.37703333996920074,1.0128766782351328,-1.4314810687953567
1.9844534392484219,-3.174937193936777,1.9876628307924427
-2.2593198887664863,2.420844540920333,-2.3551495775242075
-1.3891959222865766,3.0373080841104563,0.9717024766364634
3.021700452736959,-3.20293148728366,2.97051811984219
1.8587960839062543,-1.4110810538111862,0.49797794957942965
2.4052594014939546,-1.8593805637548093,1.0233317083449458
1.1928729269142146,-2.229495826078815,1.2410241756188207
0.8985391884409941,-0.3878312392274802,0.5392032479239572
-1.3286825781690386,-0.06515257386558715,-1.514313228656801
-0.9031120714593392,0.27748796505794315,0.4384987815772444
-4.446387087892374,5.522110055386566,-3.8145484474156888
-4.060420730579816,4.4171770208881735,-2.864832703182318
0.9134843490800357,-1.2179621568265628,1.563621603525701
-2.8755414028620265,3.322002424107214,-1.2359233084496226
-0.39310378895995535,0.3330115412048239,-0.46946357117942183
-2.386008217605901,2.3985867199577346,-2.0752674184691258
-4.369306597114038,5.026125123834175,-4.851590778676426
1.2847555434238453,-2.0121232840829775,-0.2745202702620948
-5.3676516030309855,5.407988008585677,-3.697295374309833
-2.2867440510490473,1.9744758564423943,-1.9310072758806849
-2.230722493718634,0.6451191191183785,-1.994515635372813
-2.5198585269023557,1.599402770653056,-1.0807542246050312
2.1823925098127925,-0.6141860627489604,0.8415228850632781
-0.532118976965094,0.916842291550328,-0.5390887063101619
-2.208682347649896,0.8850940462485068,-1.7986978726765517
-4.614455121234381,3.0741007453859703,-4.550089872462404
0.9580165997738075,-1.0701804998843913,2.1219485887301266
2.6482564245159885,-1.0870698913395063,3.2850757532942594
2.0421952857242562,-2.228953420528609,1.7750902576808594
1.74468192548735,-0.43768237208333405,3.429493111795103
1.6455148053355955,-1.293584034516938,-0.17677648290378123
0.4602128571104793,0.011037600735414321,0.4552459761886511
-3.1750542201312584,1.839333710826689,-2.348883823490525
0.6346571678981658,0.30286575385159176,-0.20418144043285835
-4.066570434987174,3.7316383977135668,-2.832946293741054
2.1144401228924745,-1.2513476692815662,0.6950207117842049
-0.14283527678414054,-0.6713347052019725,0.3798883651896195
1.9802411525117667,-1.8031918050018543,2.5872779693902097
1.907728369618039,-1.5557254156804075,1.7911304168262654
1.1794596216624522,-1.3334929382383187,-1.0067114279620732
2.2874827043855253,-1.8829375112993685,0.8499548053946486
1.4544418732454591,-1.7208389484379678,1.588942139349128
1.0128864391848218,-1.6619461922261012,0.6185985346406623
-4.180949864529924,5.786433247323888,-5.428344170391441
-2.983764183113959,4.032717049475401,-0.7327545368768682
-0.23497608204543274,-0.5258886630027441,-0.22979174154228638
-1.5156022503938478,2.0840465559884604,-1.8136652753967777
-3.9192465551477302,3.176567700446577,-2.1301490324694217
1.3917666616770268,-2.5764513053393507,0.07011382243529019
1.0663725148458123,-0.032563073446836066,0.3697796288798887
-2.447607011040963,0.7435073853935572,-1.9033775136785371
-3.685143111117747,4.611999024694288,-0.7511048957018802
-2.769594291999981,2.5168719794269228,-0.516789119170364
-2.892361955063743,2.680815351983214,-1.862446618163833
2.339568090774252,-1.9298168711509622,2.3194995318368314
-1.0090328240310602,1.5902316360253126,0.18002401706009297
-2.1785806107395356,1.3522374339106273,-3.0975049276312276
1.8589564406514711,-1.1412308319014077,2.2177970698281015
-1.8286284164470996,1.941998954472323,-2.0772021459725467
-3.000096174962251,1.7440413820942129,-2.245607762642117
3.1823835853400984,-3.3522580689198374,2.1168514405028014
2.6335687028756247,-1.2522896873166989,2.8217046081606645
0.5584623977701989,1.1181324004754978,0.9560989628955334
1.701344853214922,-0.9839963956062447,-1.617684516507939
-1.801518386177762,0.6111748980093918,-1.4698329499702334
-0.30961696891722923,0.8002238713731175,0.5325919512253129
1.969360659620774,-1.1184997557615812,2.135664069018832
3.772991825979389,-3.0472838426606668,2.9085849191056425
2.1399361658007914,-1.3549818771128732,3.443352388452979
2.9734130814417563,-2.6101500021942257,2.632248710014861
1.682914730128705,-1.7553270689592488,1.681756263081999
-3.7802882631547714,3.171920767250753,-1.9428161772915142
1.8812713900809754,-3.7792069085824718,1.2990626626319564
-1.963963626704302,2.303605393417653,-2.286080031764092
0.5362248127656114,-0.35017196911342285,-1.9896555932923667
2.7663045571693656,-2.2087287143445495,1.7370014765651471
2.872342342866518,-4.209886036159412,2.5808163597077813
0.5088936844126496,0.1361230049024107,0.1898281042204465
-2.187417657073764,4.24196275169454,-0.3257485968683992
1.4130400243939791,-1.3345898936160678,1.2281207269102352
1.8398085744904304,-1.9014738936969713,2.652506171328372
-2.146193140381861,2.455195496467562,-1.8276109733856316
-3.985205518517205,6.017542543227543,-2.013205056142631
-4.871222443767206,3.8475746820673145,-3.4034437087150176
2.910161995301936,-2.706955061908031,3.735025102456121
-3.206367486077239,2.406710063779595,-4.311327276466618
2.124184272469533,-2.671188993314528,0.9979787495877431
-3.6980380391732677,3.6484477312913284,-1.9374100009619317
3.658659010704834,-2.3113357690912752,4.626721548210663
-2.2129068316453906,4.013897432334128,-0.9693609609197783
2.2129974253450992,-1.7648552807183928,1.479079440744014
-1.5370819586712325,1.1604872356477474,-0.489841781084851
0.677297976920899,1.8154408897176193,1.9998608745819868
2.7378836879187305,-3.1654381692482505,1.5868624669393605
1.7868911182926048,-2.358027032652342,1.5276916723070655
-0.41377973482892605,-1.3611633097498008,0.4264567001455931
-3.3075299933673405,4.703621562612084,-0.24116560943986798
-2.0672811956426065,3.0355267880139003,-0.5657945394038395
-0.6127439514411743,3.03054948755762,0.18903231711382384
-0.45126135384274213,-0.9382619983753837,-0.7399020294744963
1.70470668602053,-0.24653587854142045,2.200469273578798
2.6789545785916484,-2.608819060225521,1.911076971055818
0.6025070291453377,0.2035931876547986,0.8430458250814256
0.5071531921660604,-2.1549303332705314,-1.0894556556824473
1.3035015796018927,0.16458024306340446,2.6417038368589028
2.327172799621222,-1.5406560482893918,0.8018240604001956
-2.4700582153959054,2.431148180609688,-2.294382930696496
-1.6470051806428367,2.2921178683039583,-0.9763824527150334
2.323720927043792,-3.089216228086041,3.5424037499109207
0.8970216874329963,-1.4764617730146956,0.10522325932699494
-1.9037366377875933,1.440292024162197,-2.2096794457074402
-0.3568104019401659,-1.4959174597501121,-1.2816066842114877
0.8210206856480179,0.04073780855534925,2.4901023053981675
1.5692061871271696,-0.3776125729446034,-1.3375439496150023
-4.176355273045986,3.4750111232821443,-4.310340504374037
0.7287698337653612,-0.3805668178205424,3.364916838469777
3.1573761202324966,-3.422916594861733,2.8925290450087
-1.2928291544550143,1.6211031165360448,-1.9935383246602232
0.8169081984148253,-1.4444854396258546,0.4138688563335901
-1.066922272746295,0.1834971166586592,-0.9535934275137684
1.7114601523639172,-0.6593852663401747,2.3927390816844794
-1.764333222865983,1.7004626377414904,0.5002844393919532
1.3448668688194065,0.6772420820340692,1.9027290706071391
-4.871166822431786,4.917476787225926,-4.181585928638266
-0.05210170493438304,-0.8739763354161092,0.5164886533097939
0.683206820729744,0.5437340557061948,0.1208876377934317
-0.6799168778875886,1.3107170420336085,-1.385575113368216
-3.494036562229648,4.220909425926072,-4.198718077704575
-3.0174811518027322,4.2080818306706504,-3.5305890886354705
1.4443149473500057,-2.0971112411958,0.023591980926783718
1.5053228604517004,-1.632576169436988,-0.08061094960841775
2.6402094789367356,-2.811659310424529,2.250531178705321
-0.6717456187046003,-0.6190009182110181,-2.0258976740813903
-4.161944528043408,3.898354377885165,-6.331022235596861
-0.8073200862509078,2.143699544127732,-1.3153069748084405
2.1642923020556357,-1.9269541982617886,1.2106941047687692
0.9148115510729885,-2.260872878917976,-0.25585615652847093
2.088640151737403,-3.6444795634023377,2.697044940196003
1.4120935126307852,0.2526825461174862,0.8617215898710067
-4.956666209536433,4.866347199281303,-2.859155946516909
0.5431632871203534,-1.190573492821971,0.226537314233999
-3.8274489695690086,3.5534572046720054,-2.981389394073606
-1.934527695686449,0.4572199413691169,-2.6556029991922068
-2.145951422347069,3.5690465718586886,-1.3124724309631641
-0.5676141522049951,0.1745612146189655,-1.2890699754476707
-2.2188070019973596,3.5862085297357815,-1.1522305553088437
-2.850142642798291,2.901794357245606,-2.3609436861105775
-2.6204590537238834,4.0499910282923235,-2.5525892298424027
-0.3978144998997766,0.654508998942862,0.7577070895365342
-1.3431730374528474,2.1964057003219235,-0.36723113235094124
-2.472298342125325,3.1913913882136615,-2.1225132292141575
1.4792936358937663,-0.8560025696417956,1.4107860405186274
0.9140817895484151,-0.5661473123657046,0.6887224399550254
1.7681627809553162,-2.0010134970709013,0.40031846942431704
-4.155325262594381,6.070759954167242,-2.567139045031407
1.3200599121166938,-2.2269968972125946,0.1422989330061707
-1.8424713642461032,1.8467790065892629,-2.325710448218887
0.9234069747870852,-0.9085210995794898,-0.9264906303743121
0.7999159703541111,-0.39747521701058963,0.341939812562833
1.1526171664014682,-1.5820898122959692,1.3240653729111993
0.07118456577372179,0.24356173981586599,-0.5625843526511713
1.0774390172012536,-1.2462816024042196,3.2865773087581682
1.6187965399029018,-3.200749057340801,1.704294929220434
-1.7256970407408567,1.7352493269977032,0.012445423669047218
-1.997551298484538,0.8969859654543864,-0.9780617950471828
-1.654675997450239,-0.079709764998662,0.17826153623866836
-2.8557052807140595,2.9925786014034443,-2.8945626138357405
2.1910625658668774,-1.703179223847311,-0.7954696257535718
-3.9572064508353018,4.483904492939878,-3.2823559359532153
1.0356196078045516,-0.46844890078485746,1.476725958155875
1.985198231477707,-3.9177872524183175,1.1572683901211063
1.260382844565353,-2.621399772472823,0.880505512414931
-3.978025295280137,5.951546732093808,-1.1692286095868125
-0.7893006707654977,-0.2579080893115384,-0.47172011863088265
2.0086595430180987,-1.3978185118814097,2.4581178426387678
-0.2734145388096807,-0.41352308285616535,-1.316358051376481
1.9539956314469589,-1.8743228921793944,0.39002121918607346
2.732863743309009,-3.3661179455826034,3.505448179937846
1.2784038300018974,-0.7168626753822526,1.2000896963034022
-2.6586816882271123,2.7954558055438112,-2.5830469202872943
0.809884458848054,-1.2581742324922875,-0.12605359282213602
-2.7832284982269666,1.7330563785462563,-2.99908752522866
1.6411690188326402,-1.373394821340129,0.5888612924517663
-0.2564767207463141,-0.9562420782962759,-1.7786850429240428
1.2602289871064083,-0.8327479449855698,-0.4483784013604928
-2.17317341608846,4.79965832512536,-1.168263212461539
-0.9307284066018351,2.280898457863847,-0.9534296624562728
0.22050320408610213,0.4978446828080607,1.4521236602314125
-3.92594590930888,3.8403386115677325,-2.6727846031500304
-3.692534988687183,1.7537823616836576,-2.988771718188285
-2.6514142329150028,1.3291278370148185,-3.0622526812157487
-3.5297797931484736,4.812572649251187,-2.4476650466156524
-1.4975949376132633,0.7078388574884835,-0.9596341196097021
1.995272946068598,-2.6945250442326447,2.0378374247231124
0.9082871937177464,-1.0739376694017677,0.545910949848939
-4.128257038336514,3.0662107794899596,-2.282580564139815
-1.750601308730004,0.5238325741783678,-1.6116538562774694
-3.3814546807092043,3.3309806079277826,-1.7558624102095788
-2.604290761171421,1.712761306499385,-2.6659526431357254
2.335376993902231,-3.0763955736811255,-0.24631026608669226
-4.847986665458091,4.066795639311085,-3.562928767611797
-1.7099484280522779,2.2323086418867466,-0.42654720443396577
0.3305761551530706,-0.5627018456484278,0.7652480255485331
-2.555346230419463,2.3767742625256094,-1.538966003350621
-1.681801659830212,2.278747557139095,-1.4607017365004253
-0.7447324127666832,0.6026928045337431,-1.4008054630788398
1.386646002160193,-1.6648997706173658,1.5221493285496321
-2.7115280113866245,3.181978366956795,-1.4895860034491508
2.2065325128978275,-1.5383346693401965,1.261049754718952
-1.2149499038114013,1.067876404302797,0.1614433864563548
-2.138602429419009,2.2192102050395306,-2.4666653927067266
-3.240279353328733,2.458489123595405,-3.2091804512209223
1.5675554840808246,-2.42823852724535,2.596921064611152
1.6149339115810126,-0.8457864096142049,2.272069246911374
-2.647187193993039,3.092129256537661,-2.232164185749647
-1.2574480159857824,1.7127464544023585,-0.5418806927416422
-3.6391769942295866,3.920031342955109,-2.504376913966971
-0.7173059746511494,0.763509250466103,-3.272042527012002
2.789929698618241,-2.0935178077954717,1.3600762971959912
-2.8116401511470923,3.7467489121698763,-1.925799540213905
0.35511848914501565,0.556109516045632,0.13753439159711744
0.9146214980269566,-1.0153994139729434,0.9078742093641413
-1.8804600107638665,3.2674527406727045,0.06588548735222943
-3.1519095578239407,3.380370239556262,-2.6283527825888027
1.330449284299556,-0.6980730917337574,0.0982762152432517
-1.910256434261563,2.192344325096443,-1.0373186944764072
-1.9540436136340418,2.201050321118216,-1.7304043669222913
-2.111293705017984,1.3755417147676643,-1.9234717771479706
0.19806542983649544,0.5032854085083306,0.03211306281049947
-2.2625548161653475,5.1078492110729865,1.256245286613885
-3.7660560611308336,3.3912609863407503,-5.158945075543591
-2.632593882480143,2.703588597905091,-2.3450306361365167
-0.8798188806282259,0.4336136162809635,-0.775104502206377
0.5555771215969085,-1.043597023158843,-0.486464626475581
-2.2321571406017404,3.7766066187204133,-0.3881796537933542
3.95824360573656,-4.631214623464024,3.613697628590193
2.892070920974255,-3.3661513943406165,2.00277845390056
0.6470621822077277,-2.234555005939029,-0.1822503246207237
-0.19056968579585076,-0.5670420387463966,-0.4442870297140969
0.6684772273336236,-2.3768771202869714,-0.030528706385929985
-0.27636763884622084,0.9081723380581497,-0.12769758245744608
-1.1779169352417487,3.977614157079058,-0.3715124974887836
2.6600928466435505,-3.0267716402940725,2.1558492511624254
2.5460522510478993,-4.212810184038137,2.2460617698662304
-1.6156517645786685,2.5156514290084018,-2.216999054925145
1.3332242659980138,-2.0601492249281708,-0.23247693946717785
-0.90647941806631,2.2058263486198504,-2.103540860394871
1.8914960373481071,-2.173525085138052,2.2145121664211938
1.1063625287029557,-1.7381782177857366,0.9221412674469847
-2.803886885603761,2.6259293298580744,-1.6421370372064716
1.6138751941420122,-0.856098433205825,-0.02964765252291257
-0.6537707796658734,0.42635014891021694,1.237764880441819
0.30241171096584285,-0.7991364137595482,-0.5062233006194019
2.138759381675977,-2.337590984654849,1.7225674426235207
0.7772856088664746,-2.0491407933673598,1.1193850712030065
-3.262365398715094,3.659397001009074,-3.334495904258897
-1.9137545349580316,0.12702794111312143,-2.428321908192418
-3.4405453055382074,2.996423851172692,-2.51226756814416
-2.9523688719733885,3.711754080804132,0.8330427236923508
-2.771690322989169,3.074738605921886,-1.7018809286566732
-3.294745010367472,3.885065583353862,-0.7171174638982882
-3.288293542764417,3.2232478700456078,-1.2768084300610594
0.8059566761423581,0.36378950484315864,1.2649140888476664
-0.3213503419246384,1.2460495386944304,-0.9990337288817095
3.252647554550939,-2.8065065503032645,3.6107745277933576
-3.124013938153589,4.051559715467132,-3.6092343509348535
2.2698959812747646,-1.5194724268711877,3.4909029982340596
2.467725386779474,-2.907188900126364,1.9409334699661382
-1.9117967624123744,0.5678978507210408,-4.42004584703029
-3.586462472377083,4.006824598219707,-2.925262417853995
1.3362358958777985,-0.7901466650463698,1.7926470505391463
-0.6288972826672361,1.7193692738058015,-0.4360788372555524
4.1347407544150006,-5.071062029460294,3.5819810580435005
2.0559120312994423,-2.9623430905766055,0.46530209094299546
-1.7419868219346923,2.201887088242463,-2.4974974226616844
-3.373466922228938,3.3022999333758514,-2.6193373419325807
0.4891310821436825,-2.374892692714811,-0.07302642374510543
3.004506718589227,-2.6293985548350363,1.9987727288181463
-1.8831115270816008,0.030688612092646173,-0.6481482274162467
2.0010854326224656,-2.9463419844958416,0.4142925613594476
2.5659776297431343,-1.2142962568830271,2.5755691728547268
1.8847685442049928,-0.05988952639787759,1.9377661337691487
1.594469991819638,-2.8101263602915996,-0.6647775503893452
-0.6415499618726364,0.3121584244599421,-1.8825405394261632
-3.9498097596839488,3.9924322827626546,-2.9397906727446537
0.9233015110724978,0.8579254165090702,3.118982863886729
-0.7562529467924128,0.2633839989680113,-0.11113713515159906
2.979590373650935,-3.456474396684213,0.38983694933524915
1.3914633673148433,0.15726219114801854,-1.6797091500174897
-1.6646129271021455,1.2898237743838874,-0.6091033905017937
0.9837024031384914,-0.2615006941720339,0.822113746667284
-4.268425733389751,2.791282768277324,-2.429339071810051
2.1756066331644783,-2.3468393772568046,0.7081788681388357
-2.400865647083458,0.7412688087570534,-1.8653359470356683
1.2424788010902086,-2.297912582045913,1.5141741186065931
2.073362470172945,-1.2341611150206817,1.3173585532112928
-2.542576862646632,2.492671471559919,-2.3454945649877175
1.2403859686542256,-1.5594917092072003,0.875775872450816
2.4698044873917455,-3.2185541113726632,2.2078423061089083
2.3742776789190643,-2.594933752160347,1.7112102363670665
0.5180901540491968,-0.21697698694850315,1.4378422450715576
0.6444735470914242,0.3384426593703376,0.26714902266697865
-4.352631928614549,1.727485244517747,-5.249155822948222
3.22613237466951,-4.05789354893232,4.18863435554961
-2.000689650313439,2.1597858925024447,-2.065376913730274
1.7783329395705043,-1.8771960555327902,0.7405918419695594
0.12395666842685182,0.27941957409987317,0.12800824087963575
-4.39170080520044,4.659241091326994,-3.1597094227147102
-4.417442909088779,4.112575046095372,-3.7759827900532184
1.0794916565631092,-1.6063448525502864,0.6604715464765286
-2.0087163318190866,1.7632148420835856,-1.6076748527263642
1.50720706037637,-0.3584647105536274,1.5924102097587702
-2.5659877652486482,1.833979832342934,-4.464980266150231
0.037542615145847336,-0.10034933828980282,1.893331587581246
-0.8577553601860404,1.0410975741844615,-0.7447692801744825
-1.4072451676385307,2.9675960975129887,-0.08472352381329817
2.343174310022669,-2.6434825682589826,0.3042023264238993
-0.040734496264081876,0.9995411522750428,-0.2618494694445714
-1.057881899317814,2.2898613025828363,-1.1577324399925195
-0.5036940818179168,0.4399398168272685,1.0760146368974457
0.46879793156041494,-0.6795169106371775,-0.2868949029347622
1.5091732481821292,-1.8382269202303454,1.807696505064634
-1.1747737719830083,0.918950637740426,-1.595456565221097
3.3421506585682637,-2.487910797991431,2.267554019416462
3.424496037012573,-3.193486059757059,2.3805743568726223
-0.1643563933302008,0.3996461025000702,1.219400259124117
3.9939270057279894,-5.119150516107824,0.8242867176709148
0.5847742788466761,-1.5522643562219107,-1.1189553654832343
-1.9296873094398914,4.073134134216872,-2.8587089415754905
2.4704979808637306,-2.64832370615242,0.7209149345641754
0.5043097731581933,-1.2790817687365534,-0.6270607202180523
1.993267793839099,-0.5621686282498017,0.2382443826862597
-1.8922678938458553,2.1740764425294072,-2.0828965298281723
-1.731064486601468,2.3092194034659896,-3.1684741166683854
1.7306723023806256,-1.8687193776621593,0.24550373419740446
-0.18948545499554004,-0.12918763558126412,0.9786380360193445
1.5753995431460623,-1.7449859156433527,1.5427411345163269
-2.719318092056734,1.3365799217581074,-2.1977054394446798
2.5960642330571804,-2.683991642477078,0.9222877661587963
2.0803959648586035,-1.784362887815986,0.0982202838598829
-3.833900110632649,5.684363344476403,-3.551965350047829
-3.6047792242762897,3.6907782892815053,-2.725294478851928
0.45473721860152594,-2.788914260811831,0.6256854331252365
0.9322778567472985,-1.02626328953192,1.5780794514996388
-3.3696393142710943,6.109143447379401,-1.2117410899429113
2.2861992686529145,-1.4198330336678748,1.1936841461680017
2.475984050294052,-3.286872994102641,1.67881563417238
-2.7857261570573977,3.3768326714879544,-2.262860519222655
-1.7167385287999914,0.9747251039102511,-1.674247016317179
-2.36661256733201,1.0128050477851527,-0.0762834084259092
-1.1768314395967687,0.8284620763626965,-2.731716157509707
-1.4180893362613287,1.50961577550019,-1.2753622083085419
-2.8474422457328794,0.9752867432994836,-1.391871652711852
1.4389826489715918,-2.5881419395102276,-0.6739443309395033
-0.7216806265929929,0.7320161897753477,-1.1824240044154064
1.1603949743934314,-1.5685681503823856,0.23921443923019547
-3.710922115759339,4.10573338690543,-2.9077784910869657
-1.197035141988652,-0.017633185319909428,-2.7974005979248466
2.132868323557288,-1.4187545750039872,2.37346574014433
0.7165989461033796,-1.9003580431635747,0.90779671782563
-0.7457401981066285,2.3884745000442584,0.3597537519223838
-1.6449642500780286,-0.07079403430028797,-2.533036432944182
-1.8074298813872054,0.7148756110037928,-1.5422001878489622
2.010138715613441,-1.5927679125816117,0.7125064978989506
-1.16898127040646,2.833214521904098,-0.793274300701948
-2.4541086614726213,2.769151697588792,0.39164719009545457
-1.7114870090794099,2.274344929261801,-1.0472053991677037
-0.9321028564152283,0.9496397580882867,-1.88221949288033
0.8224884543082333,-1.8488869084234265,0.5406020678662905
0.426384270862433,-0.9165226191018123,-1.1545423099763297
-3.462792997084431,2.250883277103154,-4.099082570323654
-3.3037075365541506,2.024997568777279,-3.838581280308622
-4.239317780564408,4.641066699884154,-3.523360557789053
-1.106145933659296,-0.01703204842866568,-0.17343495017726096
0.962806205986582,-0.6432521992632205,1.380391354187616
0.6687141640489237,-1.9705369162700213,0.6990752632287467
1.8964085022070676,-1.600025482090313,0.3974775660939469
1.80558019190248,-2.2942627608654425,0.6907001462504708
2.393798745935457,-0.9871832122848123,2.4190040497474423
2.252383732712678,-1.928664837133613,1.1418975380408618
-1.875752779595498,3.1115356725896395,-1.3762353017491864
-4.459156716275832,3.703509999850639,-3.0919205237832226
-1.673316246255963,1.7294595865001303,-1.5897240308322322
2.011513701919191,-2.9926008600354694,1.4894230760123488
-1.7554980356627046,1.3418927929182864,0.17270361858643546
1.1028056900829262,-1.3649099128275552,0.5897194128890398
1.1675574656602299,-1.8934156863473692,1.8735413537925938
0.6824416016700345,-1.8979444605157296,0.7673255538484602
-2.9591955190128254,1.5456781953601726,-4.040017963659549
-3.392440100751716,1.0526919850443188,-4.23140413375416
-4.640578163965179,3.584231700461721,-4.578116121919645
0.8377551806754073,-0.2102612840035628,-0.06964505725826675
0.28960127221721144,-1.8880998042304944,-0.2727134249472264
2.4788413412371995,-3.8469641874905047,2.1317443424463955
-1.445167601562472,3.236066172795387,0.6190073583410975
-2.551098917466844,1.9146028676185898,-1.7642731118371144
-3.3175020983222625,3.6385481074870984,-2.8535446275036978
0.939551190205627,-0.2972340437051324,-1.2169985643505303
0.09349937298776734,0.5690267567935129,0.3063456376034835
-1.2615560703632727,-0.26075816024478704,-1.3009754167294783
0.9629030104338869,-1.193962690333377,0.8473410913895003
-1.2417543037823768,-0.3764729657360153,0.7703677524869521
1.5411800203491774,0.9051378385611459,3.008061026182536
-1.9603548851481403,0.3654796211325402,-1.0839240616150194
-1.8195677312952385,0.7717275124254184,-2.588712983260484
0.30088287385476975,-1.3414837286962744,-0.5474828075160423
-1.466674636331437,-0.029985840391443475,-1.5690157033577998
-2.955831871038212,4.3084257807947575,-2.6541325498498765
-1.3755997028219697,3.7980476039054656,0.07437672313951471
-1.3241137998345875,0.8483646805219702,-0.7551137804883904
-0.7350354978986662,-0.5853876489457439,-1.9696902031897947
1.857364972155674,-4.094290470881695,2.0306090635313745
3.4445977922602284,-3.68870651078233,2.624731498373506
-2.7545028845756505,2.4381374614142066,-3.87403966596435
3.3309542887565655,-3.98225041511671,2.284048826632419
-2.388595289513559,2.6099705434897875,-1.4548961977182073
-3.7957037625358097,4.1908769053512955,-1.7751921747622452
-3.339548856988398,3.662632114926299,-2.7613672313834394
1.7242893994169246,-2.0404142713854116,2.0421240990177787
0.22704757126026753,-1.3286694008345294,0.08202220782185088
0.8555442351172837,-0.18971113731056788,-0.5069381582479376
0.8237533026363847,-0.8112395432148543,-0.7942233566498427
-3.460380065630649,4.3487375904653,-1.2506357978649756
2.3007191216696556,-1.5106435721974243,3.119042407002069
1.7768197293308208,-3.198581798377936,1.3000835101410597
-0.9390951277783681,-0.4951270796792351,0.4328298234818517
-1.1029627963283894,0.34742207758786103,0.0405025721101826
-4.105533781810437,3.0492683735197694,-2.6595879589507736
2.369675756694491,-1.6144239807183904,1.0547582727812217
-3.0571822130149053,3.408491889002823,-0.4736304897318562
2.556385586030883,-1.4572015922455723,2.728386620177763
-3.6535269707956415,4.050013788206559,-3.0268622983556233
-1.2395331222894792,1.4481827041628481,-1.5457574515540653
-2.040777561467688,3.240507341811859,-0.9738669445008665
-3.4230732051074426,3.892800544842491,-4.120932153735275
-2.8294880833912863,2.897589046829005,-1.4054175463311727
-2.9817785640420307,4.462231597972716,-2.8197914792428787
3.1426602934362338,-3.0274794102834437,2.7563985496896595
-1.8838612898750529,1.5795206849571313,-2.0106014559939296
1.5244487219197866,-2.3622719806974364,0.6694620140207239
-4.670392331907619,5.373417790953031,-4.0839477569344265
-2.465006810459358,3.7020573523018268,-1.700721903564703
1.727162798387466,-1.777750199820896,3.172104794449596
-2.921205165627141,4.22912078940698,-0.4788653412267554
1.9224674242372268,-3.8924824562088025,1.3038257651804828
2.2260290330391412,-2.281482407847056,1.6303641655124248
2.6692701090701716,-2.709365021174608,2.836130044469405
-1.9309102224219061,1.203915850014559,-0.49996086581071
-1.6994831151447876,4.083344153126661,-1.5084654590706514
1.2054312453383886,-1.2716238780271498,0.810086408199399
-2.8009379940009924,2.3932072223965593,-4.024594417969933
-1.736309208182012,1.762271321615517,-0.1726392675172379
-3.254786531682605,1.2519727931567752,-0.8767690756925557
2.0312232285925815,-2.7910911539374967,1.4135330647312927
1.6137995653402963,-0.6305595958948922,-0.6688504585364432
1.684366707175664,-2.3133120621084386,1.7149292082255854
3.450943482686692,-4.279818645486964,1.4768996551658709
-1.7987491151583141,3.1082747516727145,-1.6850298689045955
1.4725666458162765,-0.1323122448644476,2.0660649743911685
-2.331775580447796,2.848766052608938,-1.365029941782837
0.7637268834616645,-1.2188442175003318,-0.029092946252020135
-2.8994376394777666,2.659966574361443,-2.88405162848907
-0.09994933408434492,-0.7042006274906141,-0.1501634357361657
-1.7080350605184877,0.7132619414898429,-1.9391851276583947
